{"type": "mouse", "rx": 0.9239864864864865, "ry": 0.42533081285444235, "preview_w": 1184, "preview_h": 529, "ts": 1762001895.4858763, "mode": "receiver"}