{"type": "mouse", "rx": 0.5173319327731093, "ry": 0.5606060606060606, "preview_w": 1904, "preview_h": 726, "ts": 1761991231.78247, "mode": "receiver"}