{"type": "mouse", "rx": 0.7956081081081081, "ry": 0.7601547388781431, "preview_w": 1184, "preview_h": 517, "ts": 1762001832.3064039, "mode": "receiver"}