{"type": "mouse", "rx": 0.8293918918918919, "ry": 0.21928166351606806, "preview_w": 1184, "preview_h": 529, "ts": 1762001889.5390816, "mode": "receiver"}