{"type": "mouse", "rx": 0.21165966386554622, "ry": 0.800275482093664, "preview_w": 1904, "preview_h": 726, "ts": 1761991235.1206627, "mode": "receiver"}