{"type": "mouse", "rx": 0.9416666666666667, "ry": 0.05125, "preview_w": 1200, "preview_h": 800, "ts": 1762000620.7980058, "mode": "receiver"}